<?xml version="1.0" encoding="UTF-8"?>
<beans xmlns="http://www.springframework.org/schema/beans"  
    xmlns:xsi="http://www.w3.org/2001/XMLSchema-instance" 
    xmlns:context="http://www.springframework.org/schema/context"  
    xmlns:tx="http://www.springframework.org/schema/tx" 
    xmlns:mvc="http://www.springframework.org/schema/mvc" 
    xsi:schemaLocation="http://www.springframework.org/schema/mvc     
    http://www.springframework.org/schema/mvc/spring-mvc-3.0.xsd  
http://www.springframework.org/schema/beans  
http://www.springframework.org/schema/beans/spring-beans-3.0.xsd  
http://www.springframework.org/schema/context  
http://www.springframework.org/schema/context/spring-context-3.0.xsd  
http://www.springframework.org/schema/tx  
http://www.springframework.org/schema/tx/spring-tx-3.0.xsd">  
    <!-- Specifying base package of the Components like Controller, Service,
        DAO -->
    <context:component-scan base-package="com.nucleus" />
 
    <!-- Getting Database properties -->
    <!-- <context:property-placeholder location="classpath:application.properties" />
  -->
    <mvc:annotation-driven />
 
    <!-- Specifying the Resource location to load JS, CSS, Images etc
    <mvc:resources mapping="/resources/**" location="/resources/" /> -->
 
    <!-- View Resolver -->
    <bean
        class="org.springframework.web.servlet.view.InternalResourceViewResolver">
        <property name="prefix" value="/WEB-INF/views/" />
        <property name="suffix" value=".jsp" />
    </bean>
 
 <bean class="org.springframework.beans.factory.config.PropertyPlaceholderConfigurer">
 <property name="ignoreUnresolvablePlaceholders" value="true"/>
<property name="locations" >
<list>
<value>/WEB-INF/connection.properties</value>
</list>
</property>
</bean> 
 
    <!-- DataSource -->
    <bean id="dataSource" class="org.springframework.jdbc.datasource.DriverManagerDataSource">
    <property name="driverClassName" value="${classname}"/>
    <property name="url" value="${url}"/>
    <property name="username" value="${user}"/>
    <property name="password" value="${pass}"/> 
</bean>

 <bean id="sessionFactory" 	class="org.springframework.orm.hibernate4.LocalSessionFactoryBean">
		<property name="dataSource" ref="dataSource" />
		<property name="annotatedClasses">
			<list>
				<value>com.nucleus.entity.User</value>
			   <value>com.nucleus.entity.Role</value>
			   <value>com.nucleus.entity.Customer</value>
			   <value>com.nucleus.entity.Person</value>
			         
			</list>
		</property>
		<property name="hibernateProperties">
			<props>
				<prop key="hibernate.dialect">org.hibernate.dialect.Oracle10gDialect
				</prop>
				<prop key="hibernate.show_sql">true</prop>
				<prop key="hibernate.hbm2ddl.auto">update</prop>
			</props>
		</property>
	</bean>
    <tx:annotation-driven transaction-manager="transactionManager" />
    <!-- Transaction -->
    <bean id="transactionManager"
        class="org.springframework.orm.hibernate4.HibernateTransactionManager">
        <property name="sessionFactory" ref="sessionFactory" />
    </bean>
<bean id="authSuccessHandler" class="com.nucleus.controller.SuccessHandler" /> 

  <bean id="messageSource" class="org.springframework.context.support.ReloadableResourceBundleMessageSource">
		<property name="basename" value="/WEB-INF/messages" />
   </bean>



</beans>