<beans:beans xmlns="http://www.springframework.org/schema/security"
	xmlns:beans="http://www.springframework.org/schema/beans" 
	xmlns:xsi="http://www.w3.org/2001/XMLSchema-instance"
	xsi:schemaLocation="http://www.springframework.org/schema/beans
	http://www.springframework.org/schema/beans/spring-beans-3.1.xsd
	http://www.springframework.org/schema/security
	http://www.springframework.org/schema/security/spring-security-3.1.xsd">
	<beans:import resource="dispatcher-servlet.xml"/>
	<http auto-config="true">
	<intercept-url pattern="/login" access="IS_AUTHENTICATED_ANONYMOUSLY"/>
	<intercept-url pattern="/error" access="IS_AUTHENTICATED_ANONYMOUSLY"/>
	<intercept-url pattern="/accessdenied" access="IS_AUTHENTICATED_ANONYMOUSLY"/>
      <intercept-url pattern="/logoutpage" access="IS_AUTHENTICATED_ANONYMOUSLY"/>
      <intercept-url pattern="/adminMenu" access="ROLE_ADMIN"/>
	<intercept-url pattern="/addAdmin" access="ROLE_ADMIN"/>
	<intercept-url pattern="/addUser" access="ROLE_ADMIN"/>
	<intercept-url pattern="/viewUser" access="ROLE_ADMIN"/>
	<intercept-url pattern="/**" access="ROLE_USER"/>
	<!-- <form-login login-page="/" authentication-success-handler-ref="authSuccessHandler" /> -->
 <form-login login-page="/login" authentication-success-handler-ref="authSuccessHandler" />
	<logout logout-success-url="/logoutpage"/>
	<access-denied-handler error-page="/accessdenied"/>
	</http >	
	<authentication-manager>
	<authentication-provider >
	<password-encoder ref="encoder"/>
	 <jdbc-user-service data-source-ref="dataSource" 
		  users-by-username-query=
		  "select username,password,enabled from auser_brd where username=?"
		  authorities-by-username-query=
		  "select auser_brd.username, aroleTable.roleName from auser_brd, aroleTable where auser_brd.ROLE_ROLEID=aroleTable.roleId and  auser_brd.username=?"/>
		  
	</authentication-provider>
	</authentication-manager>
	  <beans:bean id="encoder" 
	class="org.springframework.security.crypto.bcrypt.BCryptPasswordEncoder">
	<beans:constructor-arg name="strength" value="11" />
  </beans:bean>
	</beans:beans>